"1","Ali","Australia",
"2","Santina","Greenland",
"3","Elijah","Syrian Arab Republic",
"4","Liliane","Oman",
"5","Jaylen","Croatia",
"6","Gudrun","Austria",
"7","Isabell","Central African Republic",
"8","Marcelino","Peru",
"9","Mia","Anguilla",
"10","Viva","Anguilla",
"11","Delia","Macedonia",
"12","Alexanne","Norfolk Island",
"13","Trinity","Costa Rica",
"14","Anika","Colombia",
"15","Sterling","Dominican Republic",
"16","Tatyana","Rwanda",
"17","Belle","Martinique",
"18","Noemie","Ukraine",
"19","Rashawn","Niue",
"20","Delmer","Sudan",
"21","Eino","United Arab Emirates",
"22","Marty","El Salvador",
"23","Guy","Slovenia",
"24","Jerrold","Morocco",
"25","Delbert","United States Virgin Islands",
"26","Khalid","Dominican Republic",
"27","Ella","Cook Islands",
"28","Lamar","Azerbaijan",
"29","Lavinia","Botswana",
"30","Norberto","Ireland",
"31","Doug","Kazakhstan",
"32","Vergie","Palau",
"33","Golda","Malaysia",
"34","Kaia","Anguilla",
"35","Payton","Saint Martin",
"36","Eudora","Guinea",
"37","Sabryna","Malta",
"38","Yasmin","Tunisia",
"39","Nasir","Brazil",
"40","Lorena","Gabon",
"41","Gonzalo","Svalbard & Jan Mayen Islands",
"42","Abigale","Western Sahara",
"43","Parker","Papua New Guinea",
"44","Madaline","Estonia",
"45","Armand","Cyprus",
"46","Marcelino","Croatia",
"47","Mariam","Cook Islands",
"48","Amaya","Belarus",
"49","Art","Bahamas",
"50","Guiseppe","Israel",
"51","Ashtyn","Greece",
"52","Garnet","Peru",
"53","Antwon","Zambia",
"54","Manley","Aruba",
"55","Elfrieda","Latvia",
"56","Camila","Seychelles",
"57","Dock","Nigeria",
"58","Daphne","Jordan",
"59","Jolie","Zimbabwe",
"60","Godfrey","Canada",
"61","Wava","Monaco",
"62","Elbert","Myanmar",
"63","Jermain","Eritrea",
"64","Brody","Montserrat",
"65","Irma","Liberia",
"66","Cody","Papua New Guinea",
"67","Marge","France",
"68","Wilhelmine","Zimbabwe",
"69","Matteo","Tonga",
"70","Kristina","Netherlands Antilles",
"71","Emilia","Faroe Islands",
"72","Victoria","Malta",
"73","Ian","Isle of Man",
"74","Iva","Cuba",
"75","Layla","Saint Pierre and Miquelon",
"76","Michel","Italy",
"77","Conrad","Canada",
"78","Marshall","Cote d'Ivoire",
"79","Antonette","Latvia",
"80","Janelle","Algeria",
"81","Dahlia","South Georgia and the South Sandwich Islands",
"82","Annetta","Cambodia",
"83","Maida","Palau",
"84","Carolyne","Saint Martin",
"85","Narciso","Comoros",
"86","Clara","Antigua and Barbuda",
"87","Mallory","Norfolk Island",
"88","Casper","Suriname",
"89","Blaise","United States Minor Outlying Islands",
"90","Verona","Indonesia",
"91","Alberto","British Virgin Islands",
"92","Georgette","Saint Pierre and Miquelon",
"93","Maximo","Gibraltar",
"94","Kaya","Papua New Guinea",
"95","Kenya","Qatar",
"96","Garret","Faroe Islands",
"97","Caleigh","Senegal",
"98","Will","Antarctica (the territory South of 60 deg S)",
"99","Aglae","Thailand",
"100","Richard","Isle of Man",
"101","Katharina","Isle of Man",
"102","Verna","Honduras",
"103","Brennon","Tonga",
"104","Reginald","Sierra Leone",
"105","Annamae","Zambia",
"106","Edgar","Cameroon",
"107","Kali","Sri Lanka",
"108","Mossie","Turks and Caicos Islands",
"109","Jonatan","Lebanon",
"110","Maynard","Pakistan",
"111","Kylie","Sri Lanka",
"112","Polly","Iran",
"113","Glennie","Burkina Faso",
"114","Rosetta","Guam",
"115","Nels","Czech Republic",
"116","Dixie","Guyana",
"117","Joany","Spain",
"118","Maximillian","Czech Republic",
"119","Bret","Belgium",
"120","Zetta","British Virgin Islands",
"121","Martine","Nicaragua",
"122","Ward","Uganda",
"123","Kathlyn","Barbados",
"124","Emmanuel","Vietnam",
"125","Clementine","Macao",
"126","Myrtis","Turkey",
"127","Tyson","Sudan",
"128","Ezekiel","Norway",
"129","Rosalia","Saint Lucia",
"130","Sharon","Bolivia",
"131","Cary","Namibia",
"132","Leatha","Andorra",
"133","Cruz","Saint Kitts and Nevis",
"134","Thurman","Greece",
"135","Christophe","Marshall Islands",
"136","Shyann","Palau",
"137","Jacinto","Barbados",
"138","Thea","Sri Lanka",
"139","Alessandro","Papua New Guinea",
"140","Julia","Honduras",
"141","Iva","Argentina",
"142","Kathleen","Luxembourg",
"143","Herbert","Turks and Caicos Islands",
"144","Beth","Palau",
"145","Madelynn","Saint Vincent and the Grenadines",
"146","Halie","Ukraine",
"147","Monte","Saint Barthelemy",
"148","Meta","British Indian Ocean Territory (Chagos Archipelago)",
"149","Polly","Algeria",
"150","Richmond","Latvia",
"151","Landen","Italy",
"152","Austin","Tunisia",
"153","Eldora","Bermuda",
"154","Kallie","Pakistan",
"155","Scotty","Suriname",
"156","Greta","Papua New Guinea",
"157","Rodger","Namibia",
"158","Tiara","Svalbard & Jan Mayen Islands",
"159","Audra","Turkey",
"160","Antonetta","Tajikistan",
"161","Rory","Tonga",
"162","Virginie","Cameroon",
"163","Dawson","Mali",
"164","Dorcas","Bulgaria",
"165","Elenor","Afghanistan",
"166","Caden","Turks and Caicos Islands",
"167","Alaina","South Georgia and the South Sandwich Islands",
"168","Gillian","Bhutan",
"169","Gayle","Gambia",
"170","Harmon","Moldova",
"171","Lillian","Gabon",
"172","Maxime","Norway",
"173","Mable","Burundi",
"174","Florian","Saint Martin",
"175","Chester","American Samoa",
"176","Cristina","Fiji",
"177","Hershel","Estonia",
"178","Mohamed","Tanzania",
"179","Clotilde","Australia",
"180","Owen","Bosnia and Herzegovina",
"181","Schuyler","Mauritania",
"182","Vergie","Nauru",
"183","Nayeli","Malaysia",
"184","Dorothea","Mayotte",
"185","Chadrick","Namibia",
"186","Angie","Saint Kitts and Nevis",
"187","Jeanette","Portugal",
"188","Domenico","Switzerland",
"189","Korbin","Saint Barthelemy",
"190","Santino","Austria",
"191","Rudy","Latvia",
"192","Kelvin","South Africa",
"193","Kavon","Antarctica (the territory South of 60 deg S)",
"194","Lennie","Egypt",
"195","Ardella","China",
"196","Lottie","Portugal",
"197","Mackenzie","Guinea",
"198","Amos","Northern Mariana Islands",
"199","Myrtle","Guinea",
"200","Michelle","Denmark",
"201","Mohammed","Czech Republic",
"202","Arvid","Saudi Arabia",
"203","Robin","Saint Helena",
"204","Lauryn","Dominican Republic",
"205","Connie","Tuvalu",
"206","Alyce","Bangladesh",
"207","Cary","Timor-Leste",
"208","Shanon","Liechtenstein",
"209","Amiya","Guadeloupe",
"210","Nels","Gibraltar",
"211","Alex","Lesotho",
"212","Skyla","Bahamas",
"213","Vallie","Australia",
"214","Dorothy","Barbados",
"215","Velma","Russian Federation",
"216","Kylee","Ecuador",
"217","Constantin","Romania",
"218","Kaleb","Nicaragua",
"219","Alicia","Pitcairn Islands",
"220","Ansel","Samoa",
"221","Richmond","Senegal",
"222","Samara","Gibraltar",
"223","Dannie","Saint Kitts and Nevis",
"224","Winnifred","Italy",
"225","Mekhi","Heard Island and McDonald Islands",
"226","Lauriane","San Marino",
"227","Shakira","Slovenia",
"228","Cathrine","Spain",
"229","Garett","Mozambique",
"230","Hugh","United States of America",
"231","Monroe","Sao Tome and Principe",
"232","Miguel","Congo",
"233","Heloise","Bangladesh",
"234","Eda","Palestinian Territory",
"235","Ben","Switzerland",
"236","Fabian","Sweden",
"237","Ludwig","Sweden",
"238","Ashleigh","Saint Helena",
"239","Christine","New Zealand",
"240","Alexis","Latvia",
"241","Johnnie","French Polynesia",
"242","Dagmar","Mozambique",
"243","Madyson","Lao People's Democratic Republic",
"244","Ima","Cameroon",
"245","Heath","Uzbekistan",
"246","Freddie","Greenland",
"247","Freddy","Djibouti",
"248","Reyes","Burundi",
"249","Althea","Macao",
"250","Nicolas","Saudi Arabia",
"251","Colt","Tajikistan",
"252","Nico","Puerto Rico",
"253","Ayla","France",
"254","Heaven","Netherlands Antilles",
"255","Guiseppe","Denmark",
"256","Viva","Belarus",
"257","Sheldon","Kazakhstan",
"258","Cecilia","Russian Federation",
"259","Florian","Burkina Faso",
"260","Xavier","Gambia",
"261","Norris","Equatorial Guinea",
"262","Justine","Zambia",
"263","Ines","Saint Kitts and Nevis",
"264","Jadyn","Bahamas",
"265","Myles","Bahamas",
"266","Cortney","Madagascar",
"267","Granville","Guadeloupe",
"268","Tad","Nigeria",
"269","Hank","Slovenia",
"270","Sage","Malta",
"271","Lucienne","Nigeria",
"272","Ray","Israel",
"273","Clementina","Congo",
"274","Yvonne","Portugal",
"275","Maryjane","Timor-Leste",
"276","Rita","Falkland Islands (Malvinas)",
"277","Marge","Netherlands Antilles",
"278","Tyra","Slovakia (Slovak Republic)",
"279","Marisol","Cape Verde",
"280","Noel","Saint Pierre and Miquelon",
"281","Cathy","Brazil",
"282","Sister","Netherlands",
"283","Magdalena","Belarus",
"284","Douglas","Martinique",
"285","Efren","Azerbaijan",
"286","Odie","Jersey",
"287","Mitchel","Guernsey",
"288","Vicente","Azerbaijan",
"289","Richard","Martinique",
"290","Osbaldo","Somalia",
"291","Grover","Azerbaijan",
"292","Damion","Saint Vincent and the Grenadines",
"293","Amely","Cameroon",
"294","Shanie","Montenegro",
"295","Marina","Tanzania",
"296","Joel","Guadeloupe",
"297","Leanne","Syrian Arab Republic",
"298","Katelyn","Saint Martin",
"299","Jed","Myanmar",
"300","Leonor","Hong Kong",
"301","Schuyler","Fiji",
"302","Eileen","Anguilla",
"303","Brionna","South Georgia and the South Sandwich Islands",
"304","Idella","Mayotte",
"305","Joshuah","Bhutan",
"306","Moriah","France",
"307","Newton","Saint Helena",
"308","Jeramy","Botswana",
"309","Weldon","Paraguay",
"310","Alize","Morocco",
"311","Tanner","French Polynesia",
"312","Margot","Jordan",
"313","Daisha","Saint Helena",
"314","Velma","Northern Mariana Islands",
"315","Olaf","Rwanda",
"316","Jevon","Kenya",
"317","Jett","Turkey",
"318","Lacy","Papua New Guinea",
"319","Rico","Cambodia",
"320","Rodolfo","Denmark",
"321","Sammy","French Guiana",
"322","Hope","Micronesia",
"323","Kasey","Solomon Islands",
"324","Lindsay","Tokelau",
"325","Johanna","El Salvador",
"326","Dorothea","Namibia",
"327","Natalie","Aruba",
"328","Maximus","Paraguay",
"329","Carlo","Papua New Guinea",
"330","Shad","Micronesia",
"331","Lexus","Austria",
"332","Diamond","Slovenia",
"333","Olin","Brazil",
"334","Roosevelt","Micronesia",
"335","Dameon","Cuba",
"336","Isabel","Israel",
"337","Darryl","San Marino",
"338","Kaylee","Gambia",
"339","Cade","Central African Republic",
"340","Bonnie","Liechtenstein",
"341","Kaya","Mauritania",
"342","Felicia","Kuwait",
"343","Pattie","Haiti",
"344","Niko","Guatemala",
"345","Dagmar","Kyrgyz Republic",
"346","Brannon","Luxembourg",
"347","Bailee","New Caledonia",
"348","Karl","Puerto Rico",
"349","Janelle","United States of America",
"350","Kristofer","Monaco",
"351","Jacklyn","Brunei Darussalam",
"352","Braden","Saint Barthelemy",
"353","Easton","Cocos (Keeling) Islands",
"354","Javier","Andorra",
"355","Isadore","Korea",
"356","Favian","Swaziland",
"357","Mable","Western Sahara",
"358","Amir","Lithuania",
"359","Domenica","Israel",
"360","Abbie","British Virgin Islands",
"361","Libby","Cook Islands",
"362","Tavares","Bahrain",
"363","Kenyatta","Azerbaijan",
"364","Alverta","Lao People's Democratic Republic",
"365","Matilde","Guadeloupe",
"366","Heloise","United States Virgin Islands",
"367","Laila","Korea",
"368","Earl","Colombia",
"369","Jaiden","Paraguay",
"370","Keon","Sri Lanka",
"371","Rossie","China",
"372","Amy","New Zealand",
"373","Nelson","Latvia",
"374","Benton","Timor-Leste",
"375","Antone","Israel",
"376","Marie","Jamaica",
"377","Kamryn","Somalia",
"378","Marlon","Syrian Arab Republic",
"379","Joy","Honduras",
"380","Elton","Rwanda",
"381","Bethany","Macedonia",
"382","Angela","Korea",
"383","Akeem","Oman",
"384","Vallie","Angola",
"385","Mylene","El Salvador",
"386","Valentin","Ukraine",
"387","Kellie","South Georgia and the South Sandwich Islands",
"388","Aileen","Sao Tome and Principe",
"389","Lorenza","Japan",
"390","Loma","Vietnam",
"391","Nova","Lao People's Democratic Republic",
"392","Kiana","Australia",
"393","Lillian","Finland",
"394","Stacy","Andorra",
"395","Eryn","Myanmar",
"396","Eloy","Greece",
"397","Alec","Cambodia",
"398","Stacy","Nepal",
"399","Ruby","Marshall Islands",
"400","Monserrate","South Georgia and the South Sandwich Islands",
"401","Robbie","Namibia",
"402","Isac","Comoros",
"403","Marco","Antarctica (the territory South of 60 deg S)",
"404","Tessie","Guernsey",
"405","Garett","Indonesia",
"406","Stewart","Jersey",
"407","Van","Tokelau",
"408","Dion","Tanzania",
"409","Leo","Saint Barthelemy",
"410","Deborah","Grenada",
"411","Juliana","Cyprus",
"412","Ettie","Congo",
"413","Merlin","Malawi",
"414","Freeman","Vietnam",
"415","Nella","Holy See (Vatican City State)",
"416","Noah","Norway",
"417","Tavares","Uruguay",
"418","Oma","Sweden",
"419","Kariane","Monaco",
"420","Alene","Mongolia",
"421","Emilio","Ireland",
"422","Alford","Seychelles",
"423","Tyreek","Guatemala",
"424","Breanna","Cook Islands",
"425","Bud","Albania",
"426","Saul","Guam",
"427","Jaime","Uzbekistan",
"428","Osvaldo","Finland",
"429","Reyna","Uruguay",
"430","Woodrow","Albania",
"431","Thurman","Micronesia",
"432","Lysanne","Namibia",
"433","Arnaldo","Philippines",
"434","Mary","Northern Mariana Islands",
"435","Audrey","Cocos (Keeling) Islands",
"436","Caden","Sri Lanka",
"437","Luciano","Brunei Darussalam",
"438","Wiley","Guatemala",
"439","Lucius","Estonia",
"440","Judy","Swaziland",
"441","Georgiana","Iran",
"442","Naomi","Grenada",
"443","Octavia","Panama",
"444","Zachary","Antigua and Barbuda",
"445","Lorenzo","Algeria",
"446","Jermey","Congo",
"447","Rebeka","Macedonia",
"448","Darius","Barbados",
"449","Hardy","Chad",
"450","Idell","Central African Republic",
"451","Melvina","Bahamas",
"452","Timothy","Falkland Islands (Malvinas)",
"453","Dominic","Wallis and Futuna",
"454","Bernard","Andorra",
"455","Malachi","Turkey",
"456","Mariana","Nicaragua",
"457","Terrill","Solomon Islands",
"458","Ramon","Greece",
"459","Ebba","Gibraltar",
"460","Marcelina","Gabon",
"461","Marta","Mongolia",
"462","Kailey","Niue",
"463","Adelle","Burundi",
"464","Graciela","Sudan",
"465","Mable","Timor-Leste",
"466","Kaci","Papua New Guinea",
"467","Kobe","Saint Helena",
"468","Lysanne","Indonesia",
"469","Cordelia","Tajikistan",
"470","Dolores","China",
"471","Ambrose","Morocco",
"472","Carmel","Venezuela",
"473","Dixie","Suriname",
"474","Myriam","Djibouti",
"475","Weldon","Mauritius",
"476","Dusty","Palau",
"477","Merritt","Jordan",
"478","Cecilia","American Samoa",
"479","Ruth","Suriname",
"480","Maxie","Saint Helena",
"481","Kadin","Singapore",
"482","Jaylan","Lebanon",
"483","Walton","Trinidad and Tobago",
"484","Karl","Cook Islands",
"485","Liana","Barbados",
"486","Granville","Chile",
"487","Elias","Papua New Guinea",
"488","Ansley","Chad",
"489","Althea","Wallis and Futuna",
"490","Sierra","Saint Pierre and Miquelon",
"491","Bernita","United Arab Emirates",
"492","Elaina","Dominica",
"493","Kayli","Netherlands Antilles",
"494","Einar","Greenland",
"495","Yasmeen","Myanmar",
"496","Otha","Lithuania",
"497","Henderson","Benin",
"498","Jalyn","Mali",
"499","Yvonne","Mexico",
"500","Margaret","Uzbekistan",
"501","Willie","Greenland",
"502","Millie","Burkina Faso",
"503","Monte","Japan",
"504","Maritza","Morocco",
"505","Marcelina","Northern Mariana Islands",
"506","Shad","Switzerland",
"507","Yvette","Haiti",
"508","Tyshawn","Estonia",
"509","Myrtie","Venezuela",
"510","Kraig","Rwanda",
"511","Jessika","Heard Island and McDonald Islands",
"512","Tyrique","Iceland",
"513","Boris","Guinea",
"514","Kristofer","Antigua and Barbuda",
"515","Martin","Brazil",
"516","Ron","Zambia",
"517","Reyes","Kyrgyz Republic",
"518","Catharine","Macedonia",
"519","Winnifred","Iran",
"520","Laurianne","Saint Pierre and Miquelon",
"521","Chet","Oman",
"522","Michelle","Swaziland",
"523","Noemie","Burundi",
"524","Luz","Senegal",
"525","Frances","Morocco",
"526","Deonte","Christmas Island",
"527","Zula","Barbados",
"528","Jaydon","Bhutan",
"529","Naomie","Croatia",
"530","Terrill","Marshall Islands",
"531","August","Saint Kitts and Nevis",
"532","Pat","Bahamas",
"533","Lyda","Tuvalu",
"534","Brenda","Venezuela",
"535","Juliet","Kiribati",
"536","Ricky","Bermuda",
"537","Felipa","Guernsey",
"538","Catharine","Sao Tome and Principe",
"539","Alex","Honduras",
"540","Brain","Kenya",
"541","Zakary","New Zealand",
"542","Rebecca","San Marino",
"543","Luz","San Marino",
"544","Samara","Bouvet Island (Bouvetoya)",
"545","Mabel","Guatemala",
"546","Cleora","Cook Islands",
"547","Kelli","Nauru",
"548","Dortha","Chad",
"549","Imani","Cambodia",
"550","Gabriella","South Georgia and the South Sandwich Islands",
"551","Filiberto","Cameroon",
"552","Kari","Dominican Republic",
"553","Josefina","Western Sahara",
"554","Yasmin","Uruguay",
"555","Cruz","Nepal",
"556","Joy","Western Sahara",
"557","Wilburn","Norfolk Island",
"558","Tara","Slovenia",
"559","Shaniya","Slovakia (Slovak Republic)",
"560","Aleen","United Kingdom",
"561","Donavon","Sudan",
"562","Dock","Kazakhstan",
"563","Janice","Nigeria",
"564","Adrian","Moldova",
"565","Matilda","Mongolia",
"566","Quinten","Chad",
"567","Jaden","Micronesia",
"568","Mustafa","Netherlands Antilles",
"569","Crystal","Cambodia",
"570","Moses","Nigeria",
"571","Julianne","Tanzania",
"572","Bryon","Vietnam",
"573","Hayden","Senegal",
"574","Soledad","Norfolk Island",
"575","Maribel","Angola",
"576","Omari","Montserrat",
"577","Chanelle","Australia",
"578","Charlene","Finland",
"579","Jaquelin","Austria",
"580","Geoffrey","Burkina Faso",
"581","Henriette","Swaziland",
"582","Rhett","Philippines",
"583","Daniella","Iran",
"584","Freeda","Vietnam",
"585","Favian","Lesotho",
"586","Reba","Ghana",
"587","Rebekah","Mozambique",
"588","Yasmeen","Mozambique",
"589","Van","Niue",
"590","Kathleen","Uruguay",
"591","John","Faroe Islands",
"592","Lemuel","Netherlands",
"593","Damon","Reunion",
"594","Elisha","Wallis and Futuna",
"595","Sarina","Burkina Faso",
"596","Kamryn","Estonia",
"597","Patricia","Vanuatu",
"598","Hertha","Greece",
"599","Gustave","Somalia",
"600","Virgil","Denmark",
"601","Kenya","Venezuela",
"602","Delilah","Liberia",
"603","Kurtis","Dominican Republic",
"604","Cristian","Bahamas",
"605","Howard","Cuba",
"606","Ray","Ukraine",
"607","Mariana","San Marino",
"608","Charlie","Portugal",
"609","Ford","Mayotte",
"610","Eva","Costa Rica",
"611","Willa","Tajikistan",
"612","Lula","Lithuania",
"613","Angela","Latvia",
"614","Deja","Malta",
"615","Ulices","Hong Kong",
"616","Miguel","Senegal",
"617","Brooke","Qatar",
"618","Glenna","Mauritania",
"619","Nikko","Guadeloupe",
"620","Christophe","Palestinian Territory",
"621","Brook","Albania",
"622","Jovan","Aruba",
"623","Vernice","New Zealand",
"624","Roxanne","El Salvador",
"625","Kelsi","Lao People's Democratic Republic",
"626","Wilhelmine","Namibia",
"627","Diamond","Guatemala",
"628","Hertha","Cape Verde",
"629","Randi","New Zealand",
"630","Hertha","Guatemala",
"631","Marcus","United States Minor Outlying Islands",
"632","Ashtyn","Norfolk Island",
"633","Lorine","Iceland",
"634","Odell","Ecuador",
"635","Kristoffer","Saint Barthelemy",
"636","Ara","Canada",
"637","Kyler","Pitcairn Islands",
"638","Allison","Montserrat",
"639","Fermin","Venezuela",
"640","Nat","Benin",
"641","Deven","Ecuador",
"642","Bernardo","Turks and Caicos Islands",
"643","Jamaal","Jersey",
"644","Arthur","Grenada",
"645","Herminio","Monaco",
"646","Catalina","Cyprus",
"647","Jonas","New Zealand",
"648","Flavie","United Arab Emirates",
"649","Devyn","Iran",
"650","Birdie","Benin",
"651","Nathanial","Maldives",
"652","Jovan","Indonesia",
"653","Zola","Belarus",
"654","Vada","Guyana",
"655","Helen","Liechtenstein",
"656","Kathryne","Guam",
"657","Myrtle","Malawi",
"658","Joaquin","Jordan",
"659","Otis","Venezuela",
"660","Wava","India",
"661","Felicia","Australia",
"662","Benjamin","Congo",
"663","Cristal","Guam",
"664","Elwyn","Norway",
"665","Raphael","Poland",
"666","Alek","Albania",
"667","Dean","Micronesia",
"668","Esteban","Latvia",
"669","Margarita","Bouvet Island (Bouvetoya)",
"670","Violette","Australia",
"671","Kaya","Germany",
"672","Monserrat","Congo",
"673","Jennifer","Belarus",
"674","Zion","Cambodia",
"675","Cydney","Bosnia and Herzegovina",
"676","Kimberly","Moldova",
"677","Elaina","Pakistan",
"678","Lilian","Cayman Islands",
"679","Jillian","Mayotte",
"680","Harmony","Qatar",
"681","Garret","Cameroon",
"682","Hazel","Panama",
"683","Elian","Lao People's Democratic Republic",
"684","Meta","Mauritius",
"685","Chelsie","Andorra",
"686","Patrick","Saint Kitts and Nevis",
"687","Adah","Mali",
"688","Bonita","Namibia",
"689","Helena","Fiji",
"690","Lexus","Burundi",
"691","Justen","Chad",
"692","Alisha","Afghanistan",
"693","Edwardo","New Zealand",
"694","Angelica","Luxembourg",
"695","Henderson","Mozambique",
"696","Gertrude","Central African Republic",
"697","Janie","Albania",
"698","Ellie","Korea",
"699","Kenya","United States Virgin Islands",
"700","Melisa","Falkland Islands (Malvinas)",
"701","Sigurd","Brunei Darussalam",
"702","Layla","Samoa",
"703","Jalyn","Dominica",
"704","Kasey","Suriname",
"705","Alisa","Ethiopia",
"706","Oceane","Ukraine",
"707","Steve","Azerbaijan",
"708","Afton","Falkland Islands (Malvinas)",
"709","Ned","Uzbekistan",
"710","Maximillia","Canada",
"711","Samara","Germany",
"712","Jaren","Colombia",
"713","Kiarra","Mali",
"714","Michaela","New Zealand",
"715","Domenic","Maldives",
"716","Mabelle","Tanzania",
"717","Allison","Canada",
"718","Eva","Colombia",
"719","Abby","Chile",
"720","Beverly","Australia",
"721","Adonis","Paraguay",
"722","Lavina","Honduras",
"723","Richard","Italy",
"724","Sanford","Ghana",
"725","Kayden","Guam",
"726","Emory","Spain",
"727","Emile","Trinidad and Tobago",
"728","Libbie","Cocos (Keeling) Islands",
"729","Sabryna","Bolivia",
"730","Gay","Micronesia",
"731","Stuart","Indonesia",
"732","Deborah","Reunion",
"733","Leonardo","Canada",
"734","Greyson","Liechtenstein",
"735","Maxie","Brazil",
"736","Sally","Svalbard & Jan Mayen Islands",
"737","Alexandria","Kenya",
"738","Audra","Holy See (Vatican City State)",
"739","Hershel","Fiji",
"740","Ettie","Korea",
"741","Allene","Northern Mariana Islands",
"742","Lavon","Mozambique",
"743","Alyce","Ghana",
"744","Ezekiel","Tokelau",
"745","Dylan","Cape Verde",
"746","Kaleigh","Switzerland",
"747","Luella","Cook Islands",
"748","Luciano","Peru",
"749","Karlee","Mali",
"750","Lauretta","Australia",
"751","Mina","San Marino",
"752","Bonnie","Cocos (Keeling) Islands",
"753","Travis","Paraguay",
"754","Franz","Serbia",
"755","Kyle","Thailand",
"756","Walker","Bahamas",
"757","Gertrude","Tonga",
"758","Alex","Zimbabwe",
"759","Antonina","Aruba",
"760","Weston","Nigeria",
"761","Ivah","Antarctica (the territory South of 60 deg S)",
"762","Jerrell","Mexico",
"763","Melissa","Poland",
"764","Lelah","Tunisia",
"765","Federico","Uganda",
"766","Sage","Saint Pierre and Miquelon",
"767","Alfredo","Anguilla",
"768","Eleanora","Haiti",
"769","Bernhard","Finland",
"770","Ford","Finland",
"771","Mollie","Botswana",
"772","Zita","Portugal",
"773","Orrin","Armenia",
"774","Monte","Northern Mariana Islands",
"775","Geo","Morocco",
"776","Ozella","Hong Kong",
"777","Loy","Sweden",
"778","Mavis","Saint Pierre and Miquelon",
"779","Ettie","Yemen",
"780","Keaton","Syrian Arab Republic",
"781","Russel","Holy See (Vatican City State)",
"782","Brook","Barbados",
"783","Heloise","Malta",
"784","Beaulah","Argentina",
"785","Manuela","Chile",
"786","Aric","Palau",
"787","Ursula","Falkland Islands (Malvinas)",
"788","Myrtice","Bolivia",
"789","Lupe","Korea",
"790","Daphney","Colombia",
"791","Jazmyn","Hungary",
"792","Jace","Lithuania",
"793","Liana","Heard Island and McDonald Islands",
"794","Lula","Madagascar",
"795","Hyman","Latvia",
"796","Blanche","Mayotte",
"797","Bethany","Botswana",
"798","Carmine","Suriname",
"799","Keegan","Chad",
"800","Aleen","Samoa",
"801","Sadye","Hungary",
"802","Schuyler","Armenia",
"803","Benedict","United Kingdom",
"804","Nigel","American Samoa",
"805","Chance","Montserrat",
"806","Lorena","Kiribati",
"807","Imogene","Grenada",
"808","Kristoffer","Marshall Islands",
"809","Edgar","Cayman Islands",
"810","Prudence","Ireland",
"811","Noemy","Taiwan",
"812","Juston","Northern Mariana Islands",
"813","Sam","Denmark",
"814","Glenna","Spain",
"815","Brook","Antarctica (the territory South of 60 deg S)",
"816","Enoch","Serbia",
"817","Elijah","French Southern Territories",
"818","Rachael","Holy See (Vatican City State)",
"819","Brooklyn","Jersey",
"820","Khalid","Turkmenistan",
"821","Hyman","Guyana",
"822","Emery","Myanmar",
"823","Ellen","Japan",
"824","Carli","Saint Pierre and Miquelon",
"825","Eldora","Sudan",
"826","Hayden","Saint Lucia",
"827","Aidan","Sierra Leone",
"828","Angeline","Grenada",
"829","Myrtice","Portugal",
"830","Aron","Romania",
"831","Adela","Iraq",
"832","Nick","New Caledonia",
"833","Kirsten","Malta",
"834","Cali","Cook Islands",
"835","Vance","Tajikistan",
"836","Blaise","Bhutan",
"837","Meaghan","United Kingdom",
"838","Loyal","Hungary",
"839","Mohamed","Macedonia",
"840","Rupert","Azerbaijan",
"841","Jamarcus","Tonga",
"842","Wilfredo","Japan",
"843","Rodger","France",
"844","Jan","Central African Republic",
"845","Karina","Niger",
"846","Leon","United Arab Emirates",
"847","Isidro","Guyana",
"848","Karolann","Finland",
"849","Leonor","Ecuador",
"850","Shanny","Antarctica (the territory South of 60 deg S)",
"851","Vincenzo","Eritrea",
"852","Dell","Latvia",
"853","Talia","American Samoa",
"854","Immanuel","Botswana",
"855","Maudie","Germany",
"856","Mustafa","Ghana",
"857","Kristy","Timor-Leste",
"858","Nikki","Macedonia",
"859","Domenica","Mali",
"860","Gabriel","Japan",
"861","Susan","Mauritius",
"862","Veronica","Saudi Arabia",
"863","Vivien","Solomon Islands",
"864","Aiden","Sao Tome and Principe",
"865","Derek","Netherlands",
"866","Anastacio","Oman",
"867","Oswald","Latvia",
"868","Myrna","Sao Tome and Principe",
"869","Amely","Israel",
"870","Vincenzo","Bosnia and Herzegovina",
"871","Grover","Tonga",
"872","Shanelle","Ukraine",
"873","Trycia","Philippines",
"874","Lavada","Latvia",
"875","Alec","Cocos (Keeling) Islands",
"876","Lenore","Montserrat",
"877","Dustin","Guadeloupe",
"878","Gust","Burkina Faso",
"879","Tyler","Argentina",
"880","Harmony","Madagascar",
"881","Darlene","Namibia",
"882","Maryse","Venezuela",
"883","Greyson","Myanmar",
"884","Elissa","Korea",
"885","Judah","Peru",
"886","Madisyn","Bangladesh",
"887","Demetris","Bulgaria",
"888","Minnie","South Africa",
"889","Gertrude","Cameroon",
"890","Vance","Cuba",
"891","Oran","Sierra Leone",
"892","Felipe","Jordan",
"893","Prudence","Tuvalu",
"894","Alek","Czech Republic",
"895","Marilou","Barbados",
"896","Felipa","Ecuador",
"897","Mazie","Singapore",
"898","Damaris","Faroe Islands",
"899","Ahmad","Equatorial Guinea",
"900","Eriberto","Solomon Islands",
"901","Kimberly","Armenia",
"902","Janet","United States Virgin Islands",
"903","Zita","Dominican Republic",
"904","Branson","Guatemala",
"905","Audie","Mayotte",
"906","Kristoffer","Kiribati",
"907","Morris","Nicaragua",
"908","Liliana","Ethiopia",
"909","Mafalda","Comoros",
"910","Tiana","Syrian Arab Republic",
"911","Eryn","Cocos (Keeling) Islands",
"912","Jarret","Nauru",
"913","Webster","Tajikistan",
"914","Lera","Georgia",
"915","Frank","Western Sahara",
"916","Annabelle","Brunei Darussalam",
"917","Berry","Heard Island and McDonald Islands",
"918","Therese","Turkey",
"919","Sonny","Kyrgyz Republic",
"920","Maye","United States Virgin Islands",
"921","Cordell","Reunion",
"922","Vince","Cambodia",
"923","Wilfred","Rwanda",
"924","Alberta","Cote d'Ivoire",
"925","Marley","Croatia",
"926","Giovanna","Sweden",
"927","Clovis","Peru",
"928","Arne","Sweden",
"929","Oleta","Faroe Islands",
"930","Maybell","Saint Martin",
"931","Mustafa","Timor-Leste",
"932","Khalid","Saint Barthelemy",
"933","Rosamond","Antarctica (the territory South of 60 deg S)",
"934","Naomi","Western Sahara",
"935","Maud","Puerto Rico",
"936","Gwendolyn","Mongolia",
"937","Dandre","Belarus",
"938","Otis","Gambia",
"939","Felicia","Bahamas",
"940","Stella","Saint Lucia",
"941","Rossie","Vietnam",
"942","Nolan","Afghanistan",
"943","Thaddeus","Mali",
"944","Roberta","Mali",
"945","Lydia","Swaziland",
"946","Stephanie","Samoa",
"947","Annamarie","Saint Vincent and the Grenadines",
"948","Tina","Italy",
"949","Moises","Somalia",
"950","Ivory","Sao Tome and Principe",
"951","Cornelius","Bolivia",
"952","Maddison","Czech Republic",
"953","Andrew","Indonesia",
"954","Jaydon","British Virgin Islands",
"955","Arlie","Saint Vincent and the Grenadines",
"956","Karelle","Netherlands",
"957","Martin","Guyana",
"958","Hailee","Central African Republic",
"959","Columbus","Hong Kong",
"960","Shawn","Guatemala",
"961","Jadyn","Mayotte",
"962","Rosemarie","Uzbekistan",
"963","Sonia","Monaco",
"964","Bruce","Indonesia",
"965","Jennyfer","Fiji",
"966","Jade","Saudi Arabia",
"967","Pearlie","Liberia",
"968","Ismael","Korea",
"969","Domenico","Djibouti",
"970","Chyna","Indonesia",
"971","Dan","Cyprus",
"972","Nikolas","Portugal",
"973","Zita","Benin",
"974","Ayana","Nauru",
"975","Colt","Honduras",
"976","Delia","Austria",
"977","Quinn","Afghanistan",
"978","Kyra","Montserrat",
"979","Halie","British Indian Ocean Territory (Chagos Archipelago)",
"980","Meagan","Austria",
"981","Charlotte","Togo",
"982","Lea","Mozambique",
"983","Edward","Cyprus",
"984","Adrain","United States Minor Outlying Islands",
"985","Loy","Burundi",
"986","Caitlyn","Ireland",
"987","Jules","French Guiana",
"988","Pansy","Puerto Rico",
"989","Jacey","Hungary",
"990","Sigrid","Antigua and Barbuda",
"991","Felicia","Liechtenstein",
"992","Cordia","Israel",
"993","Giles","Mozambique",
"994","Trudie","Central African Republic",
"995","Toni","Cote d'Ivoire",
"996","Larry","Equatorial Guinea",
"997","Margarett","Cocos (Keeling) Islands",
"998","Abdul","Sri Lanka",
"999","Amina","Costa Rica",
"1000","Simeon","Nicaragua",
